Employee_ID,Age,Gender,Education,Department,Experience,Working_Hours,Performance_Score,Projects_Completed,Salary,Salary_Category
101,50,Male,PhD,Finance,13,55,4,13,62915,Medium
102,36,Male,Master,Finance,10,59,10,19,56952,Medium
103,29,Male,Master,IT,8,40,1,19,46465,Low
104,42,Female,Master,IT,33,42,10,14,112463,High
105,40,Male,Bachelor,HR,11,36,3,4,60108,Medium
106,44,Female,Master,IT,34,46,2,13,118935,High
107,32,Female,PhD,Sales,34,47,2,8,109812,High
108,32,Male,Master,Finance,0,59,1,19,32234,Low
109,45,Male,Master,HR,21,55,8,12,98078,High
110,57,Female,PhD,IT,28,41,3,18,100094,High
111,45,Male,Master,Sales,7,44,3,6,50271,Low
112,24,Female,Bachelor,Sales,10,47,6,18,56802,Medium
113,43,Female,Bachelor,IT,13,51,8,19,69781,Medium
114,23,Female,Bachelor,Finance,29,55,9,5,104268,High
115,45,Female,PhD,IT,34,48,9,9,116057,High
116,51,Female,Master,HR,20,36,4,3,85372,High
117,59,Male,Bachelor,IT,4,56,5,10,42098,Low
118,23,Male,PhD,Sales,18,45,2,19,74567,Medium
119,42,Female,Master,IT,13,35,9,3,74144,Medium
120,54,Female,PhD,Finance,25,53,8,15,91289,High
121,33,Male,Bachelor,Marketing,3,55,3,1,36086,Low
122,43,Male,Bachelor,IT,24,38,9,7,92848,High
123,46,Female,Bachelor,Finance,24,53,3,12,84091,Medium
124,48,Male,PhD,Finance,17,55,9,17,83961,Medium
125,49,Female,PhD,Sales,7,45,2,5,42791,Low
126,37,Male,Bachelor,Finance,13,42,10,4,70942,Medium
127,36,Female,PhD,Finance,31,45,9,12,121730,High
128,24,Male,Bachelor,Finance,32,38,8,18,112065,High
129,58,Female,Bachelor,Finance,22,51,9,17,92096,High
130,28,Male,Master,HR,14,41,5,19,72603,Medium
131,42,Male,PhD,HR,32,42,2,9,100485,High
132,30,Female,Bachelor,Sales,24,37,8,4,86992,High
133,39,Male,Bachelor,IT,16,56,6,2,73282,Medium
134,25,Female,PhD,Finance,32,36,8,4,111327,High
135,46,Male,Master,IT,1,57,5,2,30108,Low
136,35,Female,Master,IT,13,49,10,15,72475,Medium
137,30,Male,Bachelor,Sales,5,58,2,2,48749,Low
138,47,Female,PhD,Finance,5,56,6,4,43635,Low
139,23,Male,Master,Finance,2,56,5,6,42577,Low
140,41,Female,PhD,Marketing,6,39,5,7,53661,Low
141,49,Male,PhD,IT,7,58,1,10,49533,Low
142,28,Female,Bachelor,IT,14,35,2,19,66605,Medium
143,29,Female,Master,HR,28,38,8,19,99975,High
144,56,Female,Bachelor,Marketing,32,49,3,12,98362,High
145,35,Male,Master,HR,29,54,10,3,103564,High
146,38,Female,Master,HR,26,53,3,13,87869,High
147,57,Male,Master,HR,28,37,8,18,100798,High
148,25,Female,Master,Sales,32,54,8,8,115466,High
149,23,Male,Master,Sales,26,45,2,15,83040,Medium
150,27,Female,PhD,HR,32,51,8,1,110721,High
151,25,Male,Bachelor,Marketing,3,47,1,3,32482,Low
152,50,Male,PhD,IT,21,45,6,8,79699,Medium
153,39,Female,Master,Marketing,1,36,8,4,44593,Low
154,47,Male,Bachelor,Finance,9,43,3,16,47450,Low
155,55,Male,Master,Sales,4,36,8,10,52071,Low
156,31,Female,Bachelor,IT,9,55,1,12,44239,Low
157,57,Male,PhD,IT,32,43,9,14,114534,High
158,35,Male,Bachelor,Finance,12,43,9,14,59452,Medium
159,52,Male,Bachelor,Finance,30,42,5,2,98910,High
160,36,Female,Bachelor,HR,23,51,10,5,102082,High
161,29,Male,Bachelor,Sales,14,35,4,5,74142,Medium
162,35,Female,Bachelor,Sales,28,59,6,6,96737,High
163,44,Male,Master,Marketing,7,45,7,13,55749,Medium
164,42,Male,Bachelor,HR,4,42,5,9,50820,Low
165,37,Male,Bachelor,HR,28,44,10,15,107006,High
166,39,Female,PhD,HR,3,59,9,14,46032,Low
167,45,Male,Bachelor,HR,11,41,3,7,54056,Low
168,47,Male,PhD,Sales,1,37,7,2,44940,Low
169,46,Female,Master,Sales,26,37,10,7,104853,High
170,50,Male,Bachelor,HR,30,52,10,6,116578,High
171,36,Female,PhD,Marketing,25,39,5,17,82563,Medium
172,22,Female,PhD,IT,26,46,7,2,89334,High
173,46,Male,Master,IT,4,46,2,3,47009,Low
174,28,Female,Bachelor,Marketing,19,53,4,5,68842,Medium
175,30,Male,Bachelor,HR,10,40,2,5,60592,Medium
176,45,Female,PhD,Sales,9,36,7,1,57125,Medium
177,22,Female,Bachelor,IT,5,46,2,8,40795,Low
178,29,Male,PhD,Finance,7,53,1,12,47627,Low
179,45,Female,Bachelor,Finance,22,39,9,4,82473,Medium
180,32,Female,PhD,Marketing,25,46,1,13,90320,High
181,38,Female,Bachelor,HR,11,51,8,15,72248,Medium
182,29,Female,Master,IT,25,51,2,11,91752,High
183,56,Female,Bachelor,HR,12,44,8,10,64767,Medium
184,56,Male,Bachelor,IT,17,59,3,3,63309,Medium
185,54,Female,Master,Marketing,24,57,6,14,82502,Medium
186,26,Male,Bachelor,Marketing,32,51,3,16,97351,High
187,49,Female,Master,Finance,11,49,7,10,62538,Medium
188,28,Male,Bachelor,HR,3,46,10,10,49167,Low
189,30,Male,PhD,Finance,4,50,9,12,53942,Low
190,29,Female,PhD,HR,7,58,2,9,38819,Low
191,33,Female,Bachelor,Finance,27,53,5,1,101956,High
192,55,Female,Bachelor,Sales,30,42,6,5,106672,High
193,54,Male,Bachelor,Sales,8,55,4,8,50765,Low
194,44,Female,PhD,Sales,28,51,4,11,90451,High
195,45,Male,Bachelor,Sales,13,57,4,12,69645,Medium
196,58,Male,PhD,IT,21,39,2,1,77099,Medium
197,56,Male,Master,Sales,10,56,4,11,56699,Medium
198,43,Female,PhD,Marketing,22,50,1,5,81518,Medium
199,48,Female,PhD,Marketing,0,40,6,15,32634,Low
200,56,Male,Master,IT,20,42,1,5,73789,Medium
201,22,Male,PhD,Sales,25,59,10,12,101326,High
202,56,Female,Bachelor,Sales,22,52,6,5,89420,High
203,58,Male,Bachelor,Sales,0,59,1,17,35065,Low
204,35,Female,PhD,Finance,14,46,6,17,62224,Medium
205,24,Male,Bachelor,HR,20,49,10,12,84817,Medium
206,22,Female,PhD,Finance,8,43,8,15,55218,Medium
207,26,Male,Bachelor,HR,8,47,2,15,52125,Low
208,47,Female,Bachelor,Sales,9,49,2,6,53878,Low
209,35,Male,PhD,Sales,25,44,4,12,90577,High
210,48,Female,Bachelor,Finance,34,50,3,18,120728,High
211,30,Female,PhD,Finance,24,41,4,14,86145,High
212,36,Male,Bachelor,HR,25,51,7,2,91360,High
213,36,Male,Bachelor,Marketing,10,57,1,9,47416,Low
214,47,Female,Master,HR,1,55,6,5,31710,Low
215,34,Male,Master,Finance,6,56,3,1,40698,Low
216,53,Female,PhD,Finance,17,41,10,3,75806,Medium
217,53,Male,Master,IT,26,48,7,6,102150,High
218,25,Female,PhD,Finance,33,49,10,5,114795,High
219,51,Female,Master,IT,26,55,2,5,90566,High
220,58,Female,Bachelor,Marketing,16,41,2,1,67118,Medium
221,44,Female,PhD,HR,23,43,4,17,87226,High
222,36,Female,PhD,HR,24,53,1,19,91010,High
223,50,Female,Bachelor,IT,6,50,3,14,36830,Low
224,57,Male,PhD,HR,5,42,9,12,57891,Medium
225,34,Male,PhD,Finance,23,52,7,10,76424,Medium
226,53,Male,Master,Sales,32,57,7,18,108941,High
227,28,Female,PhD,IT,28,52,4,11,107359,High
228,43,Female,Bachelor,HR,21,54,2,2,82003,Medium
229,49,Female,Master,IT,25,41,4,18,91665,High
230,23,Female,Master,IT,27,37,6,7,106609,High
231,27,Male,Bachelor,Sales,20,52,3,15,74084,Medium
232,49,Male,Bachelor,Finance,6,44,1,11,46569,Low
233,49,Female,Master,IT,16,41,8,18,77690,Medium
234,41,Male,PhD,HR,19,51,5,12,75187,Medium
235,51,Male,Master,Marketing,19,48,5,6,75629,Medium
236,32,Female,Bachelor,IT,21,58,4,13,78281,Medium
237,49,Male,Master,IT,27,37,6,16,97036,High
238,46,Female,Bachelor,Sales,6,46,3,18,49533,Low
239,54,Male,Master,Finance,0,47,9,10,41416,Low
240,22,Female,PhD,Marketing,31,36,5,8,107747,High
241,48,Female,Master,HR,12,37,3,18,50154,Low
242,34,Female,Master,Marketing,29,39,1,1,93908,High
243,24,Female,Bachelor,HR,22,45,10,8,85282,High
244,27,Male,Bachelor,Finance,18,42,6,6,78308,Medium
245,29,Female,Bachelor,HR,31,57,2,5,102034,High
246,48,Female,Master,Sales,29,57,3,15,96821,High
247,30,Female,PhD,Sales,28,46,1,15,95351,High
248,58,Male,Bachelor,Sales,28,41,9,2,107389,High
249,54,Female,Bachelor,Sales,29,49,8,1,103097,High
250,45,Male,Master,Marketing,15,58,2,11,60141,Medium
251,36,Female,Bachelor,Finance,18,51,8,10,71293,Medium
252,53,Male,PhD,HR,17,38,9,18,78380,Medium
253,53,Male,PhD,HR,0,56,1,18,32409,Low
254,45,Female,Bachelor,Sales,13,59,5,17,59752,Medium
255,33,Male,Bachelor,Sales,1,47,8,8,45428,Low
256,23,Female,Master,IT,27,52,2,15,89505,High
257,24,Female,PhD,Finance,29,35,4,8,90317,High
258,58,Female,PhD,Marketing,3,50,7,17,51282,Low
259,38,Male,Bachelor,HR,0,47,3,12,39319,Low
260,23,Male,Master,IT,7,44,5,8,41322,Low
261,23,Female,PhD,IT,28,46,8,14,98386,High
262,49,Female,PhD,HR,2,36,10,4,43392,Low
263,44,Male,Master,Marketing,31,57,3,1,109997,High
264,58,Female,Master,IT,9,37,4,1,54103,Low
265,53,Female,PhD,IT,9,44,9,19,53120,Low
266,54,Female,PhD,Finance,18,36,7,16,82410,Medium
267,22,Male,Master,Marketing,33,57,1,14,97646,High
268,40,Male,PhD,IT,32,47,4,16,103898,High
269,23,Male,Bachelor,Marketing,22,47,4,5,79351,Medium
270,47,Female,Bachelor,HR,27,52,9,9,97397,High
271,53,Female,Master,Sales,31,37,6,2,110086,High
272,27,Female,Master,IT,6,41,9,18,61606,Medium
273,53,Male,Master,Finance,28,48,6,6,92428,High
274,25,Female,Bachelor,HR,7,54,6,9,55730,Medium
275,32,Female,PhD,Marketing,0,51,5,1,32336,Low
276,38,Female,Bachelor,HR,2,55,5,9,36891,Low
277,59,Female,PhD,IT,23,46,2,16,85453,High
278,45,Male,Bachelor,Marketing,22,59,8,13,82860,Medium
279,26,Male,PhD,Sales,7,50,8,9,57353,Medium
280,55,Female,Bachelor,HR,2,58,1,13,39250,Low
281,27,Male,Master,IT,32,46,8,9,107837,High
282,43,Male,Bachelor,Finance,27,49,5,11,102035,High
283,32,Female,PhD,Marketing,7,59,2,4,41435,Low
284,37,Female,Bachelor,HR,33,44,2,2,111727,High
285,54,Male,Bachelor,HR,34,59,6,6,102280,High
286,30,Female,Bachelor,Sales,31,41,9,14,122498,High
287,27,Male,Master,Sales,23,54,1,4,79768,Medium
288,37,Female,Bachelor,Finance,13,39,6,6,59988,Medium
289,50,Male,Master,Finance,31,35,9,19,107836,High
290,24,Female,Master,IT,15,51,8,6,67367,Medium
291,41,Male,Bachelor,IT,3,37,6,2,45734,Low
292,57,Male,Bachelor,Finance,20,47,3,18,84438,Medium
293,40,Male,Bachelor,Finance,13,48,8,13,63232,Medium
294,47,Female,PhD,Marketing,30,58,9,9,109696,High
295,24,Male,Bachelor,Sales,17,52,1,19,60936,Medium
296,40,Male,Master,IT,6,38,9,13,59164,Medium
297,41,Female,Bachelor,Sales,9,52,6,11,59081,Medium
298,53,Female,PhD,Sales,6,39,6,1,55780,Medium
299,28,Male,Bachelor,Finance,32,59,4,7,104588,High
300,54,Male,PhD,Marketing,22,50,1,15,77424,Medium
301,39,Female,PhD,HR,20,35,10,1,90080,High
302,22,Female,Bachelor,Marketing,18,55,8,12,72659,Medium
303,32,Female,Master,Marketing,18,48,2,7,63285,Medium
304,49,Female,PhD,Sales,28,49,1,15,92775,High
305,46,Female,Bachelor,Marketing,17,43,2,19,67852,Medium
306,44,Male,Bachelor,IT,1,49,1,1,36169,Low
307,52,Female,Master,Sales,0,51,1,17,36657,Low
308,51,Male,PhD,IT,4,59,9,17,52265,Low
309,56,Male,PhD,HR,19,58,1,3,78059,Medium
310,28,Male,Bachelor,Sales,10,38,4,12,58405,Medium
311,37,Female,Bachelor,HR,1,46,10,6,46672,Low
312,47,Male,Master,Sales,2,39,6,11,41016,Low
313,23,Male,Master,Finance,22,39,7,3,89125,High
314,22,Female,PhD,Marketing,11,45,2,8,57433,Medium
315,33,Male,PhD,Finance,19,40,6,14,80625,Medium
316,26,Male,Bachelor,HR,4,41,7,14,46366,Low
317,58,Female,PhD,Marketing,29,58,10,10,109844,High
318,53,Male,Master,Sales,8,48,10,2,56047,Medium
319,30,Male,Master,Marketing,33,58,2,14,104908,High
320,56,Male,Bachelor,IT,34,45,2,9,113758,High
321,40,Female,Master,Marketing,21,47,10,3,83456,Medium
322,37,Female,Master,IT,23,36,7,8,78190,Medium
323,24,Female,Master,Marketing,16,59,1,16,68232,Medium
324,41,Male,Master,IT,9,41,8,2,58115,Medium
325,45,Male,Bachelor,HR,29,54,3,6,102454,High
326,54,Female,Bachelor,Finance,22,38,6,12,84947,Medium
327,45,Male,PhD,Sales,31,42,9,5,105978,High
328,32,Male,Master,Marketing,16,54,6,2,72020,Medium
329,29,Female,PhD,Finance,16,56,9,16,81465,Medium
330,57,Female,Bachelor,Sales,13,55,7,5,69876,Medium
331,59,Male,Bachelor,Sales,8,53,9,15,46230,Low
332,41,Male,Bachelor,IT,1,47,2,12,35528,Low
333,56,Male,Bachelor,HR,24,48,8,4,93578,High
334,46,Female,Bachelor,HR,8,44,8,15,57108,Medium
335,56,Female,Bachelor,Finance,21,45,2,11,75545,Medium
336,46,Female,Bachelor,HR,3,36,4,16,47372,Low
337,50,Female,Master,Marketing,25,59,7,6,99620,High
338,39,Male,PhD,HR,28,43,4,14,85384,High
339,39,Female,Bachelor,Finance,33,51,4,18,103410,High
340,23,Female,Master,HR,22,37,6,12,84876,Medium
341,56,Female,Master,Marketing,10,58,10,11,68742,Medium
342,37,Female,PhD,IT,5,40,6,13,48374,Low
343,57,Female,Bachelor,Finance,17,39,10,11,75982,Medium
344,54,Male,PhD,IT,20,39,3,16,81147,Medium
345,25,Male,Bachelor,IT,33,56,9,15,112343,High
346,54,Female,Master,IT,16,49,10,15,76612,Medium
347,35,Male,Master,Sales,24,57,2,4,85064,High
348,42,Female,Master,Sales,11,51,6,11,64271,Medium
349,41,Female,Master,IT,22,43,7,19,85257,High
350,29,Male,PhD,Finance,21,37,9,15,90434,High
